Workbook

Sheet Лист1
A3: Сумма по полю Факт оплаты | B3: Названия столбцов
A4: Названия строк | B4: Выставка | C4: Другой | D4: Работа с постоянными | E4: Сайт | F4: Холодный звонок | G4: (пусто) | H4: Общий итог
A5: Бытовая техника | B5: 1558171 | E5: 2000000 | H5: 3558171
A6: Канцелярские товары | B6: 1470565 | D6: 600000 | F6: 100000 | H6: 2170565
A7: Мебель | B7: 1700000 | E7: 1100000 | H7: 2800000
A8: (пусто) | G8: 10528736 | H8: 10528736
A9: Общий итог | B9: 4728736 | D9: 600000 | E9: 3100000 | F9: 100000 | G9: 10528736 | H9: 19057472

Sheet Данные
A1: Менеджер | B1: Дата первой встречи | C1: Компания-клиент | D1: Продукт | E1: Канал | F1: Коммерческое предложение | G1: Статус сделки | H1: Факт оплаты | I1: Дата оплаты | J1: Комиссия
A2: Лазарев | B2: 43923 | C2: МЕГАПОЛИС, торговая компания | D2: Канцелярские товары | E2: Холодный звонок | F2: 100000 | G2: Закрыта | H2: 100000 | I2: 44130 | J2: =Данные!$F2*0.15 -> 15000 | M2: =SUM(Данные!$H$2:$H$31) -> 9528736
A3: Лазарев | B3: 43857 | C3: Росатом, госкорпорация | D3: Канцелярские товары | E3: Работа с постоянными | F3: 1700000 | G3: Закрыта | I3: 43542 | J3: =Данные!$F3*0.15 -> 255000
A4: Лазарев | B4: 43895 | C4: Аэрофлот | D4: Канцелярские товары | E4: Работа с постоянными | F4: 600000 | G4: Закрыта | H4: 600000 | I4: 43563 | J4: =Данные!$F4*0.15 -> 90000
A5: Лазарев | B5: 44044 | C5: ЛУКОЙЛ | D5: Канцелярские товары | E5: Работа с постоянными | F5: 1700000 | G5: В оплате | J5: =Данные!$F5*0.15 -> 255000
A6: Лазарев | B6: 43866 | C6: Лента (сеть гипермаркетов) | D6: Бытовая техника | E6: Сайт | F6: 1000000 | G6: Торг/согласование | J6: =Данные!$F6*0.15 -> 150000
A7: Лазарев | B7: 44078 | C7: Сбербанк России | D7: Бытовая техника | E7: Работа с постоянными | F7: 300000 | G7: КП | J7: =Данные!$F7*0.15 -> 45000
A8: Лазарев | B8: 43922 | C8: Транснефть, АК | D8: Канцелярские товары | E8: Выставка | F8: 1400000 | G8: Закрыта | H8: 1470565 | I8: 43324 | J8: =Данные!$F8*0.15 -> 210000
A9: Лазарев | B9: 44196 | C9: Роснефть, нефтяная компания | D9: Бытовая техника | E9: Другой | F9: 1400000 | G9: В оплате | J9: =Данные!$F9*0.15 -> 210000
A10: Лазарев | B10: 43846 | C10: РусГидро | D10: Бытовая техника | E10: Холодный звонок | F10: 1000000 | G10: Торг/согласование | J10: =Данные!$F10*0.15 -> 150000
A11: Лазарев | B11: 43965 | C11: НОВАТЭК | D11: Бытовая техника | E11: Сайт | F11: 2000000 | G11: Закрыта | H11: 2000000 | I11: 43719 | J11: =Данные!$F11*0.15 -> 300000
A12: Лазарев | B12: 44164 | C12: Объединенная авиастроительная корпорация | D12: Бытовая техника | E12: Холодный звонок | F12: 95000 | G12: КП | J12: =Данные!$F12*0.15 -> 14250
A13: Лазарев | B13: 43987 | C13: Объединенная авиастроительная корпорация | D13: Канцелярские товары | E13: Другой | F13: 2000000 | G13: Отказ | J13: =Данные!$F13*0.15 -> 300000
A14: Никулин | B14: 43979 | C14: Дж.Т.И. Россия | D14: Мебель | E14: Другой | F14: 1000000 | G14: Торг/согласование | J14: =Данные!$F14*0.15 -> 150000
A15: Никулин | B15: 44028 | C15: НОВАТЭК | D15: Мебель | E15: Выставка | F15: 600000 | G15: КП | J15: =Данные!$F15*0.15 -> 90000
A16: Никулин | B16: 43834 | C16: Интер РАО | D16: Мебель | E16: Сайт | F16: 400000 | G16: КП | J16: =Данные!$F16*0.15 -> 60000
A17: Никулин | B17: 43997 | C17: СИБУР Холдинг | D17: Бытовая техника | E17: Выставка | F17: 1500000 | G17: Закрыта | H17: 1558171 | I17: 43350 | J17: =Данные!$F17*0.15 -> 225000
A18: Никулин | B18: 44169 | C18: Интер РАО | D18: Мебель | E18: Сайт | F18: 700000 | G18: Отказ | J18: =Данные!$F18*0.15 -> 105000
A19: Никулин | B19: 43927 | C19: ВымпелКом | D19: Канцелярские товары | E19: Другой | F19: 900000 | G19: Торг/согласование | J19: =Данные!$F19*0.15 -> 135000 | M19: =Данные!$F$32 -> 1258448.3
A20: Никулин | B20: 43844 | C20: Система, АФК | D20: Канцелярские товары | E20: Холодный звонок | F20: 1700000 | G20: КП | J20: =Данные!$F20*0.15 -> 255000
A21: Никулин | B21: 44036 | C21: НОВАТЭК | D21: Бытовая техника | E21: Работа с постоянными | F21: 500000 | G21: Торг/согласование | J21: =Данные!$F21*0.15 -> 75000
A22: Никулин | B22: 43997 | C22: ММК | D22: Канцелярские товары | E22: Холодный звонок | F22: 1800000 | G22: Торг/согласование | J22: =Данные!$F22*0.15 -> 270000
A23: Никулин | B23: 44071 | C23: Металлоинвест, холдинговая компания | D23: Мебель | E23: Сайт | F23: 1100000 | G23: Закрыта | H23: 1100000 | I23: 43528 | J23: =Данные!$F23*0.15 -> 165000
A24: Никулин | B24: 43952 | C24: Татнефть | D24: Бытовая техника | E24: Другой | F24: 1700000 | G24: КП | J24: =Данные!$F24*0.15 -> 255000
A25: Никулин | B25: 44120 | C25: УГМК | D25: Мебель | E25: Выставка | F25: 1700000 | G25: Закрыта | H25: 1700000 | I25: 43416 | J25: =Данные!$F25*0.15 -> 255000
A26: Никулин | B26: 43859 | C26: РЖД | D26: Канцелярские товары | E26: Работа с постоянными | F26: 1600000 | G26: Отказ | J26: =Данные!$F26*0.15 -> 240000
A27: Никулин | B27: 43857 | C27: ММК | D27: Мебель | E27: Выставка | F27: 1500000 | G27: Отказ | J27: =Данные!$F27*0.15 -> 225000
A28: Никулин | B28: 44105 | C28: МегаФон | D28: Мебель | E28: Работа с постоянными | F28: 500000 | G28: Отказ | J28: =Данные!$F28*0.15 -> 75000
A29: Никулин | B29: 44147 | C29: МегаФон | D29: Мебель | E29: Работа с постоянными | F29: 5000000 | G29: Закрыта | J29: =Данные!$F29*0.15 -> 750000
A30: Никулин | F30: 1000000 | G30: Торг/согласование | J30: =Данные!$F30*0.15 -> 150000
A31: Иванов | B31: 44147 | C31: Мегафон | H31: 1000000 | J31: =Данные!$F31*0.15 -> 0
A32: Итог | F32: =SUBTOTAL(101,Данные!$F$2:$F$31) -> 1258448.3 | H32: =SUBTOTAL(109,Данные!$H$2:$H$31) -> 9528736 | I32: =SUBTOTAL(103,Данные!$I$2:$I$31) -> 8

Sheet Диаграмма
A1: Месяц | B1: Продажи
A2: Январь | B2: 11178
A3: Февраль | B3: 10744
A4: Март | B4: 11922
A5: Апрель | B5: 10813
A6: Май | B6: 11471
A7: Июнь | B7: 10716
A8: Июль | B8: 10629
A9: Август | B9: 11950
A10: Сентябрь | B10: 11695
A11: Октябрь | B11: 10366
A12: Ноябрь | B12: 12000
A13: Декабрь | B13: 14000
